state,state_abbr,cooks_distance,leverage,studentized_residual,flagged_cooks_distance
Alaska,AK,0.18631370,0.06780440,3.04533052,True
West Virginia,WV,0.11209967,0.11485981,-1.64373793,True
Arkansas,AR,0.07425725,0.08514636,1.57552048,False
Connecticut,CT,0.07396541,0.06946678,-1.76938259,False
Rhode Island,RI,0.07359115,0.05958853,-1.92904728,False
Kentucky,KY,0.06521055,0.07057346,-1.63857345,False
California,CA,0.06175179,0.17954122,0.91828845,False
Montana,MT,0.05936780,0.10175155,1.26320487,False
Maine,ME,0.05894225,0.05475493,-1.79504322,False
Tennessee,TN,0.05675315,0.04127402,2.06858475,False
New Jersey,NJ,0.04848157,0.12246199,-1.02144864,False
Colorado,CO,0.04748416,0.05709428,1.56112456,False
Maryland,MD,0.04722700,0.08738122,1.22399345,False
New Hampshire,NH,0.03433148,0.16124818,-0.72762316,False
Louisiana,LA,0.02664031,0.12279259,0.75148345,False
Missouri,MO,0.01627581,0.05148695,0.94720991,False
Kansas,KS,0.01191297,0.05527212,0.77770503,False
Pennsylvania,PA,0.00933628,0.02991992,-0.95183188,False
Illinois,IL,0.00920643,0.04989749,-0.72082269,False
Idaho,ID,0.00744367,0.03115822,-0.83004017,False
Ohio,OH,0.00689572,0.04104125,-0.69068887,False
Delaware,DE,0.00512754,0.03547117,0.64197792,False
Vermont,VT,0.00446727,0.10532521,-0.33363319,False
Virginia,VA,0.00410965,0.04738949,-0.49309626,False
South Carolina,SC,0.00333631,0.04534478,0.45446731,False
Massachusetts,MA,0.00280540,0.09500186,0.27986857,False
Oklahoma,OK,0.00269696,0.08125388,-0.29900124,False
Utah,UT,0.00204286,0.07510195,-0.27152772,False
Hawaii,HI,0.00199089,0.07561114,-0.26706564,False
Michigan,MI,0.00163157,0.04753393,0.30961511,False
New York,NY,0.00126244,0.07541018,-0.21290207,False
Georgia,GA,0.00105701,0.03497005,-0.29241536,False
Arizona,AZ,0.00100427,0.02730651,0.32391164,False
Iowa,IA,0.00095861,0.09424726,-0.16421141,False
Nevada,NV,0.00053215,0.04014730,0.19300217,False
Washington,WA,0.00050378,0.07709477,0.13284623,False
Wisconsin,WI,0.00048921,0.08928778,0.12083365,False
Oregon,OR,0.00047783,0.02500571,-0.23360620,False
Alabama,AL,0.00030320,0.06407051,-0.11383912,False
Minnesota,MN,0.00021328,0.06725483,-0.09302613,False
Texas,TX,0.00012678,0.03273757,0.10468980,False
North Dakota,ND,0.00011386,0.07749916,-0.06296456,False
North Carolina,NC,0.00008943,0.03241972,0.08836492,False
