state_fips,state_abbr,state,reported_violent_offenses,fbi_population,mean_participating_population,violent_crime_rate_per_100k,mean_population_coverage_pct,min_population_coverage_pct,median_household_income,civilian_labor_force,unemployed,unemployment_rate_pct,median_income_10k,eligible_primary_model,exclusion_reason,fbi_source_refresh_date
01,AL,Alabama,19982,5108468,4939378.58333333,404.70000000,96.69083333,95.17000000,62212,2394000,96059,4.01248956,6.22120000,True,,08/15/2026
02,AK,Alaska,5395,733406,728825.00000000,740.24000000,99.38000000,99.38000000,86631,362965,17505,4.82277906,8.66310000,True,,08/15/2026
04,AZ,Arizona,31734,7431344,7397490.58333333,428.96000000,99.54333333,99.39000000,77315,3648728,155185,4.25312602,7.73150000,True,,08/15/2026
05,AR,Arkansas,18893,3067732,3000883.16666667,629.58000000,97.82000000,97.64000000,58700,1435261,59710,4.16021894,5.87000000,True,,08/15/2026
06,CA,California,201362,38965193,38219649.33333334,526.63000000,98.08583333,96.30000000,95521,20137422,1110856,5.51637643,9.55210000,True,,08/15/2026
08,CO,Colorado,28773,5877610,5817067.08333333,494.60000000,98.96916667,98.58000000,92911,3276030,124336,3.79532544,9.29110000,True,,08/15/2026
09,CT,Connecticut,5575,3617176,3615692.83333333,154.19000000,99.95916667,99.51000000,91665,1974868,90743,4.59488938,9.16650000,True,,08/15/2026
10,DE,Delaware,4114,1031890,1031578.50000000,398.81000000,99.97000000,99.82000000,81361,522421,18092,3.46310734,8.13610000,True,,08/15/2026
12,FL,Florida,52298,22610726,18662581.58333333,280.77000000,82.53833333,80.95000000,73311,11191144,459949,4.10993729,7.33110000,False,Mean FBI reporting coverage below 90%,08/15/2026
13,GA,Georgia,37388,11029227,10064230.41666667,371.52000000,91.25083333,90.29000000,74632,5593945,247391,4.42247823,7.46320000,True,,08/15/2026
15,HI,Hawaii,3509,1435138,1435138.00000000,244.51000000,100.00000000,100.00000000,95322,692259,24424,3.52815926,9.53220000,True,,08/15/2026
16,ID,Idaho,4768,1964726,1960705.66666667,243.18000000,99.79750000,99.29000000,74942,971173,34894,3.59297468,7.49420000,True,,08/15/2026
17,IL,Illinois,36682,12549689,11408110.00000000,321.65000000,90.90333333,90.38000000,80306,6642661,313531,4.71996087,8.03060000,True,,08/15/2026
18,IN,Indiana,22378,6862199,5883796.66666667,380.28000000,85.74166667,84.95000000,69477,3515202,127972,3.64053047,6.94770000,False,Mean FBI reporting coverage below 90%,08/15/2026
19,IA,Iowa,8534,3207004,3052249.83333333,279.73000000,95.17500000,93.96000000,71433,1701453,47173,2.77251267,7.14330000,True,,08/15/2026
20,KS,Kansas,12176,2940546,2793846.50000000,435.81000000,95.01000000,93.74000000,70333,1527460,49867,3.26470088,7.03330000,True,,08/15/2026
21,KY,Kentucky,10515,4526154,4526154.00000000,232.32000000,100.00000000,100.00000000,61118,2174801,89447,4.11288205,6.11180000,True,,08/15/2026
22,LA,Louisiana,24861,4573749,4257257.25000000,584.19000000,93.08000000,91.48000000,58229,2135043,104094,4.87549899,5.82290000,True,,08/15/2026
23,ME,Maine,1458,1395722,1395722.00000000,104.45000000,100.00000000,100.00000000,73733,731851,23191,3.16881442,7.37330000,True,,08/15/2026
24,MD,Maryland,27542,6180253,6158135.25000000,447.24000000,99.63916667,98.10000000,98678,3326225,132197,3.97438538,9.86780000,True,,08/15/2026
25,MA,Massachusetts,22842,7001399,6978478.58333333,327.32000000,99.67333333,99.65000000,99858,3908554,154107,3.94281363,9.98580000,True,,08/15/2026
26,MI,Michigan,45934,10037261,9814424.00000000,468.03000000,97.77916667,97.59000000,69183,5048334,225337,4.46359136,6.91830000,True,,08/15/2026
27,MN,Minnesota,15118,5737915,5728694.33333333,263.91000000,99.84000000,99.74000000,85086,3143975,95655,3.04248602,8.50860000,True,,08/15/2026
28,MS,Mississippi,3985,2939690,1873590.08333333,212.69000000,63.73416667,62.83000000,54203,1343059,64637,4.81267018,5.42030000,False,Mean FBI reporting coverage below 90%,08/15/2026
29,MO,Missouri,28841,6196156,6085211.83333333,473.96000000,98.21083333,98.04000000,68545,3180243,108893,3.42404653,6.85450000,True,,08/15/2026
30,MT,Montana,5082,1132812,1130618.75000000,449.51000000,99.80583333,99.66000000,70804,578080,15708,2.71727097,7.08040000,True,,08/15/2026
31,NE,Nebraska,3378,1978379,1679879.91666667,198.68000000,84.91166667,69.29000000,74590,1069514,28376,2.65316770,7.45900000,False,Mean FBI reporting coverage below 90%,08/15/2026
32,NV,Nevada,13919,3194176,3181298.00000000,437.53000000,99.60000000,99.60000000,76364,1631003,74416,4.56259124,7.63640000,True,,08/15/2026
33,NH,New Hampshire,1642,1402054,1394619.50000000,117.75000000,99.47083333,98.06000000,96838,786023,20151,2.56366544,9.68380000,True,,08/15/2026
34,NJ,New Jersey,20225,9290841,8867920.00000000,228.07000000,95.44833333,93.84000000,99781,5023152,237647,4.73103342,9.97810000,True,,08/15/2026
35,NM,New Mexico,14973,2114371,1884725.00000000,794.57000000,89.14000000,88.21000000,62268,995436,47766,4.79850036,6.22680000,False,Mean FBI reporting coverage below 90%,08/15/2026
36,NY,New York,77690,19571216,19387754.16666667,400.72000000,99.06333333,97.66000000,82095,10107326,506633,5.01253249,8.20950000,True,,08/15/2026
37,NC,North Carolina,42714,10835491,10573473.08333333,403.98000000,97.58250000,97.33000000,70804,5449906,219760,4.03236313,7.08040000,True,,08/15/2026
38,ND,North Dakota,2207,783926,781747.50000000,282.31000000,99.72166667,99.07000000,76525,422155,12089,2.86364013,7.65250000,True,,08/15/2026
39,OH,Ohio,35108,11785935,11105885.83333333,316.09000000,94.23000000,93.40000000,67769,6027500,243399,4.03814185,6.77690000,True,,08/15/2026
40,OK,Oklahoma,17164,4053824,4052752.00000000,423.54000000,99.97333333,99.93000000,62138,1936559,88813,4.58612415,6.21380000,True,,08/15/2026
41,OR,Oregon,14194,4233358,4179791.25000000,339.57000000,98.73416667,98.55000000,80160,2190250,90337,4.12450633,8.01600000,True,,08/15/2026
42,PA,Pennsylvania,34450,12961683,12412523.08333333,278.20000000,95.76250000,75.99000000,73824,6683272,283261,4.23835810,7.38240000,True,,08/15/2026
44,RI,Rhode Island,1855,1095962,1095962.00000000,169.27000000,100.00000000,100.00000000,84972,587754,28012,4.76593949,8.49720000,True,,08/15/2026
45,SC,South Carolina,25623,5373555,5359023.33333333,478.11000000,99.72833333,99.63000000,67804,2629504,112785,4.28921196,6.78040000,True,,08/15/2026
46,SD,South Dakota,3069,919318,814558.58333333,376.65000000,88.60500000,86.37000000,71810,485323,12742,2.62546799,7.18100000,False,Mean FBI reporting coverage below 90%,08/15/2026
47,TN,Tennessee,45921,7126489,7104709.91666667,646.34000000,99.69416667,99.44000000,67631,3584501,142081,3.96375953,6.76310000,True,,08/15/2026
48,TX,Texas,125731,30503301,30214011.41666667,416.15000000,99.05083333,98.99000000,75780,15612815,686054,4.39417235,7.57800000,True,,08/15/2026
49,UT,Utah,7978,3417734,3380074.25000000,236.11000000,98.89750000,97.29000000,93421,1818709,60649,3.33472810,9.34210000,True,,08/15/2026
50,VT,Vermont,1398,647464,646648.66666667,216.16000000,99.87333333,99.24000000,81211,355022,9270,2.61110579,8.12110000,True,,08/15/2026
51,VA,Virginia,21197,8715698,8708749.41666667,243.41000000,99.92083333,99.81000000,89931,4482631,164631,3.67264225,8.99310000,True,,08/15/2026
53,WA,Washington,28282,7812880,7745080.75000000,365.17000000,99.13000000,99.03000000,94605,4069534,182384,4.48169250,9.46050000,True,,08/15/2026
54,WV,West Virginia,4528,1770071,1603902.83333333,282.49000000,90.61333333,89.31000000,55948,793158,35853,4.52028474,5.59480000,True,,08/15/2026
55,WI,Wisconsin,17710,5910955,5823268.00000000,304.08000000,98.51750000,98.02000000,74631,3143490,86959,2.76632024,7.46310000,True,,08/15/2026
56,WY,Wyoming,1053,584057,515804.16666667,204.24000000,88.31666667,88.20000000,72415,294568,9522,3.23253035,7.24150000,False,Mean FBI reporting coverage below 90%,08/15/2026
