state_fips,state_abbr,state,median_household_income,civilian_labor_force,unemployed,unemployment_rate_pct
02,AK,Alaska,86631,362965,17505,4.82277906
01,AL,Alabama,62212,2394000,96059,4.01248956
05,AR,Arkansas,58700,1435261,59710,4.16021894
04,AZ,Arizona,77315,3648728,155185,4.25312602
06,CA,California,95521,20137422,1110856,5.51637643
08,CO,Colorado,92911,3276030,124336,3.79532544
09,CT,Connecticut,91665,1974868,90743,4.59488938
10,DE,Delaware,81361,522421,18092,3.46310734
12,FL,Florida,73311,11191144,459949,4.10993729
13,GA,Georgia,74632,5593945,247391,4.42247823
15,HI,Hawaii,95322,692259,24424,3.52815926
19,IA,Iowa,71433,1701453,47173,2.77251267
16,ID,Idaho,74942,971173,34894,3.59297468
17,IL,Illinois,80306,6642661,313531,4.71996087
18,IN,Indiana,69477,3515202,127972,3.64053047
20,KS,Kansas,70333,1527460,49867,3.26470088
21,KY,Kentucky,61118,2174801,89447,4.11288205
22,LA,Louisiana,58229,2135043,104094,4.87549899
25,MA,Massachusetts,99858,3908554,154107,3.94281363
24,MD,Maryland,98678,3326225,132197,3.97438538
23,ME,Maine,73733,731851,23191,3.16881442
26,MI,Michigan,69183,5048334,225337,4.46359136
27,MN,Minnesota,85086,3143975,95655,3.04248602
29,MO,Missouri,68545,3180243,108893,3.42404653
28,MS,Mississippi,54203,1343059,64637,4.81267018
30,MT,Montana,70804,578080,15708,2.71727097
37,NC,North Carolina,70804,5449906,219760,4.03236313
38,ND,North Dakota,76525,422155,12089,2.86364013
31,NE,Nebraska,74590,1069514,28376,2.65316770
33,NH,New Hampshire,96838,786023,20151,2.56366544
34,NJ,New Jersey,99781,5023152,237647,4.73103342
35,NM,New Mexico,62268,995436,47766,4.79850036
32,NV,Nevada,76364,1631003,74416,4.56259124
36,NY,New York,82095,10107326,506633,5.01253249
39,OH,Ohio,67769,6027500,243399,4.03814185
40,OK,Oklahoma,62138,1936559,88813,4.58612415
41,OR,Oregon,80160,2190250,90337,4.12450633
42,PA,Pennsylvania,73824,6683272,283261,4.23835810
44,RI,Rhode Island,84972,587754,28012,4.76593949
45,SC,South Carolina,67804,2629504,112785,4.28921196
46,SD,South Dakota,71810,485323,12742,2.62546799
47,TN,Tennessee,67631,3584501,142081,3.96375953
48,TX,Texas,75780,15612815,686054,4.39417235
49,UT,Utah,93421,1818709,60649,3.33472810
51,VA,Virginia,89931,4482631,164631,3.67264225
50,VT,Vermont,81211,355022,9270,2.61110579
53,WA,Washington,94605,4069534,182384,4.48169250
55,WI,Wisconsin,74631,3143490,86959,2.76632024
54,WV,West Virginia,55948,793158,35853,4.52028474
56,WY,Wyoming,72415,294568,9522,3.23253035
