state_abbr,state,month,reported_violent_offenses,fbi_population,participating_population,violent_crime_rate_per_100k,population_coverage_pct,fbi_source_refresh_date
AK,Alaska,01-2023,420,733406,728825,57.63000000,99.38000000,08/15/2026
AK,Alaska,02-2023,369,733406,728825,50.63000000,99.38000000,08/15/2026
AK,Alaska,03-2023,462,733406,728825,63.39000000,99.38000000,08/15/2026
AK,Alaska,04-2023,473,733406,728825,64.90000000,99.38000000,08/15/2026
AK,Alaska,05-2023,529,733406,728825,72.58000000,99.38000000,08/15/2026
AK,Alaska,06-2023,489,733406,728825,67.09000000,99.38000000,08/15/2026
AK,Alaska,07-2023,492,733406,728825,67.51000000,99.38000000,08/15/2026
AK,Alaska,08-2023,545,733406,728825,74.78000000,99.38000000,08/15/2026
AK,Alaska,09-2023,469,733406,728825,64.35000000,99.38000000,08/15/2026
AK,Alaska,10-2023,425,733406,728825,58.31000000,99.38000000,08/15/2026
AK,Alaska,11-2023,349,733406,728825,47.89000000,99.38000000,08/15/2026
AK,Alaska,12-2023,373,733406,728825,51.18000000,99.38000000,08/15/2026
AL,Alabama,01-2023,1650,5108468,4871531,33.87000000,95.36000000,08/15/2026
AL,Alabama,02-2023,1442,5108468,4918736,29.32000000,96.29000000,08/15/2026
AL,Alabama,03-2023,1696,5108468,4872374,34.81000000,95.38000000,08/15/2026
AL,Alabama,04-2023,1413,5108468,4893369,28.88000000,95.79000000,08/15/2026
AL,Alabama,05-2023,1979,5108468,4890403,40.47000000,95.73000000,08/15/2026
AL,Alabama,06-2023,1730,5108468,4981017,34.73000000,97.51000000,08/15/2026
AL,Alabama,07-2023,1939,5108468,4998325,38.79000000,97.84000000,08/15/2026
AL,Alabama,08-2023,1726,5108468,4864084,35.48000000,95.22000000,08/15/2026
AL,Alabama,09-2023,1636,5108468,4861741,33.65000000,95.17000000,08/15/2026
AL,Alabama,10-2023,1711,5108468,4984853,34.32000000,97.58000000,08/15/2026
AL,Alabama,11-2023,1549,5108468,5069415,30.56000000,99.24000000,08/15/2026
AL,Alabama,12-2023,1511,5108468,5066695,29.82000000,99.18000000,08/15/2026
AR,Arkansas,01-2023,1620,3067732,2998264,54.03000000,97.74000000,08/15/2026
AR,Arkansas,02-2023,1367,3067732,2998287,45.59000000,97.74000000,08/15/2026
AR,Arkansas,03-2023,1568,3067732,3003709,52.20000000,97.91000000,08/15/2026
AR,Arkansas,04-2023,1616,3067732,2997739,53.91000000,97.72000000,08/15/2026
AR,Arkansas,05-2023,1735,3067732,2996714,57.90000000,97.68000000,08/15/2026
AR,Arkansas,06-2023,1607,3067732,2999280,53.58000000,97.77000000,08/15/2026
AR,Arkansas,07-2023,1724,3067732,3008936,57.30000000,98.08000000,08/15/2026
AR,Arkansas,08-2023,1605,3067732,2997242,53.55000000,97.70000000,08/15/2026
AR,Arkansas,09-2023,1626,3067732,3005253,54.11000000,97.96000000,08/15/2026
AR,Arkansas,10-2023,1512,3067732,3007979,50.27000000,98.05000000,08/15/2026
AR,Arkansas,11-2023,1407,3067732,2995335,46.97000000,97.64000000,08/15/2026
AR,Arkansas,12-2023,1506,3067732,3001860,50.17000000,97.85000000,08/15/2026
AZ,Arizona,01-2023,2795,7431344,7409196,37.72000000,99.70000000,08/15/2026
AZ,Arizona,02-2023,2475,7431344,7409196,33.40000000,99.70000000,08/15/2026
AZ,Arizona,03-2023,2734,7431344,7398231,36.95000000,99.55000000,08/15/2026
AZ,Arizona,04-2023,2852,7431344,7395775,38.56000000,99.52000000,08/15/2026
AZ,Arizona,05-2023,2982,7431344,7395775,40.32000000,99.52000000,08/15/2026
AZ,Arizona,06-2023,2809,7431344,7395775,37.98000000,99.52000000,08/15/2026
AZ,Arizona,07-2023,2653,7431344,7395775,35.87000000,99.52000000,08/15/2026
AZ,Arizona,08-2023,2710,7431344,7395775,36.64000000,99.52000000,08/15/2026
AZ,Arizona,09-2023,2391,7431344,7395775,32.33000000,99.52000000,08/15/2026
AZ,Arizona,10-2023,2414,7431344,7385934,32.68000000,99.39000000,08/15/2026
AZ,Arizona,11-2023,2570,7431344,7394237,34.76000000,99.50000000,08/15/2026
AZ,Arizona,12-2023,2349,7431344,7398443,31.75000000,99.56000000,08/15/2026
CA,California,01-2023,17981,38965193,38767504,46.38000000,99.49000000,08/15/2026
CA,California,02-2023,13611,38965193,37558665,36.24000000,96.39000000,08/15/2026
CA,California,03-2023,15359,38965193,37523830,40.93000000,96.30000000,08/15/2026
CA,California,04-2023,16076,38965193,37550821,42.81000000,96.37000000,08/15/2026
CA,California,05-2023,17029,38965193,37782454,45.07000000,96.96000000,08/15/2026
CA,California,06-2023,16501,38965193,37612288,43.87000000,96.53000000,08/15/2026
CA,California,07-2023,17924,38965193,37782454,47.44000000,96.96000000,08/15/2026
CA,California,08-2023,17870,38965193,38738900,46.13000000,99.42000000,08/15/2026
CA,California,09-2023,17446,38965193,38771437,45.00000000,99.50000000,08/15/2026
CA,California,10-2023,20130,38965193,38738900,51.96000000,99.42000000,08/15/2026
CA,California,11-2023,15491,38965193,38891629,39.83000000,99.81000000,08/15/2026
CA,California,12-2023,15944,38965193,38916910,40.97000000,99.88000000,08/15/2026
CO,Colorado,01-2023,2329,5877610,5848627,39.82000000,99.51000000,08/15/2026
CO,Colorado,02-2023,2087,5877610,5794201,36.02000000,98.58000000,08/15/2026
CO,Colorado,03-2023,2265,5877610,5822629,38.90000000,99.06000000,08/15/2026
CO,Colorado,04-2023,2298,5877610,5822795,39.47000000,99.07000000,08/15/2026
CO,Colorado,05-2023,2577,5877610,5801110,44.42000000,98.70000000,08/15/2026
CO,Colorado,06-2023,2537,5877610,5821616,43.58000000,99.05000000,08/15/2026
CO,Colorado,07-2023,2832,5877610,5826943,48.60000000,99.14000000,08/15/2026
CO,Colorado,08-2023,2614,5877610,5815279,44.95000000,98.94000000,08/15/2026
CO,Colorado,09-2023,2494,5877610,5820254,42.85000000,99.02000000,08/15/2026
CO,Colorado,10-2023,2439,5877610,5820262,41.91000000,99.02000000,08/15/2026
CO,Colorado,11-2023,2110,5877610,5812056,36.30000000,98.88000000,08/15/2026
CO,Colorado,12-2023,2191,5877610,5799033,37.78000000,98.66000000,08/15/2026
CT,Connecticut,01-2023,508,3617176,3617176,14.04000000,100.00000000,08/15/2026
CT,Connecticut,02-2023,390,3617176,3599378,10.84000000,99.51000000,08/15/2026
CT,Connecticut,03-2023,416,3617176,3617176,11.50000000,100.00000000,08/15/2026
CT,Connecticut,04-2023,431,3617176,3617176,11.92000000,100.00000000,08/15/2026
CT,Connecticut,05-2023,512,3617176,3617176,14.15000000,100.00000000,08/15/2026
CT,Connecticut,06-2023,503,3617176,3617176,13.91000000,100.00000000,08/15/2026
CT,Connecticut,07-2023,526,3617176,3617176,14.54000000,100.00000000,08/15/2026
CT,Connecticut,08-2023,456,3617176,3617176,12.61000000,100.00000000,08/15/2026
CT,Connecticut,09-2023,469,3617176,3617176,12.97000000,100.00000000,08/15/2026
CT,Connecticut,10-2023,480,3617176,3617176,13.27000000,100.00000000,08/15/2026
CT,Connecticut,11-2023,445,3617176,3617176,12.30000000,100.00000000,08/15/2026
CT,Connecticut,12-2023,439,3617176,3617176,12.14000000,100.00000000,08/15/2026
DE,Delaware,01-2023,318,1031890,1030027,30.87000000,99.82000000,08/15/2026
DE,Delaware,02-2023,312,1031890,1031508,30.25000000,99.96000000,08/15/2026
DE,Delaware,03-2023,300,1031890,1031890,29.07000000,100.00000000,08/15/2026
DE,Delaware,04-2023,354,1031890,1031890,34.31000000,100.00000000,08/15/2026
DE,Delaware,05-2023,385,1031890,1031890,37.31000000,100.00000000,08/15/2026
DE,Delaware,06-2023,378,1031890,1031890,36.63000000,100.00000000,08/15/2026
DE,Delaware,07-2023,380,1031890,1031890,36.83000000,100.00000000,08/15/2026
DE,Delaware,08-2023,346,1031890,1030397,33.58000000,99.86000000,08/15/2026
DE,Delaware,09-2023,382,1031890,1031890,37.02000000,100.00000000,08/15/2026
DE,Delaware,10-2023,368,1031890,1031890,35.66000000,100.00000000,08/15/2026
DE,Delaware,11-2023,305,1031890,1031890,29.56000000,100.00000000,08/15/2026
DE,Delaware,12-2023,286,1031890,1031890,27.72000000,100.00000000,08/15/2026
FL,Florida,01-2023,3150,22610726,18824572,16.73000000,83.26000000,08/15/2026
FL,Florida,02-2023,2762,22610726,18302587,15.09000000,80.95000000,08/15/2026
FL,Florida,03-2023,3218,22610726,18925138,17.00000000,83.70000000,08/15/2026
FL,Florida,04-2023,3335,22610726,18593774,17.94000000,82.23000000,08/15/2026
FL,Florida,05-2023,3464,22610726,18638078,18.59000000,82.43000000,08/15/2026
FL,Florida,06-2023,3299,22610726,18792615,17.55000000,83.11000000,08/15/2026
FL,Florida,07-2023,3407,22610726,18621799,18.30000000,82.36000000,08/15/2026
FL,Florida,08-2023,3352,22610726,18487851,18.13000000,81.77000000,08/15/2026
FL,Florida,09-2023,3437,22610726,18783822,18.30000000,83.07000000,08/15/2026
FL,Florida,10-2023,3519,22610726,18711392,18.81000000,82.75000000,08/15/2026
FL,Florida,11-2023,3103,22610726,18756412,16.54000000,82.95000000,08/15/2026
FL,Florida,12-2023,16252,22610726,18512939,87.79000000,81.88000000,08/15/2026
GA,Georgia,01-2023,3296,11029227,10362368,31.81000000,93.95000000,08/15/2026
GA,Georgia,02-2023,2965,11029227,10354883,28.63000000,93.89000000,08/15/2026
GA,Georgia,03-2023,3205,11029227,10048705,31.89000000,91.11000000,08/15/2026
GA,Georgia,04-2023,3200,11029227,10062081,31.80000000,91.23000000,08/15/2026
GA,Georgia,05-2023,3527,11029227,9997735,35.28000000,90.65000000,08/15/2026
GA,Georgia,06-2023,3274,11029227,9990909,32.77000000,90.59000000,08/15/2026
GA,Georgia,07-2023,3316,11029227,10007908,33.13000000,90.74000000,08/15/2026
GA,Georgia,08-2023,3119,11029227,9994994,31.21000000,90.62000000,08/15/2026
GA,Georgia,09-2023,2891,11029227,9958837,29.03000000,90.29000000,08/15/2026
GA,Georgia,10-2023,3162,11029227,10004430,31.61000000,90.71000000,08/15/2026
GA,Georgia,11-2023,2700,11029227,9985354,27.04000000,90.54000000,08/15/2026
GA,Georgia,12-2023,2733,11029227,10002561,27.32000000,90.69000000,08/15/2026
HI,Hawaii,01-2023,289,1435138,1435138,20.14000000,100.00000000,08/15/2026
HI,Hawaii,02-2023,257,1435138,1435138,17.91000000,100.00000000,08/15/2026
HI,Hawaii,03-2023,305,1435138,1435138,21.25000000,100.00000000,08/15/2026
HI,Hawaii,04-2023,322,1435138,1435138,22.44000000,100.00000000,08/15/2026
HI,Hawaii,05-2023,323,1435138,1435138,22.51000000,100.00000000,08/15/2026
HI,Hawaii,06-2023,267,1435138,1435138,18.60000000,100.00000000,08/15/2026
HI,Hawaii,07-2023,288,1435138,1435138,20.07000000,100.00000000,08/15/2026
HI,Hawaii,08-2023,284,1435138,1435138,19.79000000,100.00000000,08/15/2026
HI,Hawaii,09-2023,308,1435138,1435138,21.46000000,100.00000000,08/15/2026
HI,Hawaii,10-2023,278,1435138,1435138,19.37000000,100.00000000,08/15/2026
HI,Hawaii,11-2023,307,1435138,1435138,21.39000000,100.00000000,08/15/2026
HI,Hawaii,12-2023,281,1435138,1435138,19.58000000,100.00000000,08/15/2026
IA,Iowa,01-2023,742,3207004,3056868,24.27000000,95.32000000,08/15/2026
IA,Iowa,02-2023,653,3207004,3013324,21.67000000,93.96000000,08/15/2026
IA,Iowa,03-2023,683,3207004,3024481,22.58000000,94.31000000,08/15/2026
IA,Iowa,04-2023,737,3207004,3030917,24.32000000,94.51000000,08/15/2026
IA,Iowa,05-2023,848,3207004,3029225,27.99000000,94.46000000,08/15/2026
IA,Iowa,06-2023,718,3207004,3036893,23.64000000,94.70000000,08/15/2026
IA,Iowa,07-2023,833,3207004,3028961,27.50000000,94.45000000,08/15/2026
IA,Iowa,08-2023,744,3207004,3079197,24.16000000,96.01000000,08/15/2026
IA,Iowa,09-2023,743,3207004,3079197,24.13000000,96.01000000,08/15/2026
IA,Iowa,10-2023,739,3207004,3078517,24.01000000,95.99000000,08/15/2026
IA,Iowa,11-2023,551,3207004,3075721,17.91000000,95.91000000,08/15/2026
IA,Iowa,12-2023,543,3207004,3093697,17.55000000,96.47000000,08/15/2026
ID,Idaho,01-2023,390,1964726,1963291,19.86000000,99.93000000,08/15/2026
ID,Idaho,02-2023,345,1964726,1963291,17.57000000,99.93000000,08/15/2026
ID,Idaho,03-2023,357,1964726,1964196,18.18000000,99.97000000,08/15/2026
ID,Idaho,04-2023,367,1964726,1962320,18.70000000,99.88000000,08/15/2026
ID,Idaho,05-2023,392,1964726,1963291,19.97000000,99.93000000,08/15/2026
ID,Idaho,06-2023,430,1964726,1962486,21.91000000,99.89000000,08/15/2026
ID,Idaho,07-2023,474,1964726,1963291,24.14000000,99.93000000,08/15/2026
ID,Idaho,08-2023,429,1964726,1956746,21.92000000,99.59000000,08/15/2026
ID,Idaho,09-2023,435,1964726,1962320,22.17000000,99.88000000,08/15/2026
ID,Idaho,10-2023,367,1964726,1962486,18.70000000,99.89000000,08/15/2026
ID,Idaho,11-2023,390,1964726,1954039,19.96000000,99.46000000,08/15/2026
ID,Idaho,12-2023,392,1964726,1950711,20.10000000,99.29000000,08/15/2026
IL,Illinois,01-2023,2970,12549689,11526936,25.77000000,91.85000000,08/15/2026
IL,Illinois,02-2023,2215,12549689,11443939,19.36000000,91.19000000,08/15/2026
IL,Illinois,03-2023,2493,12549689,11446651,21.78000000,91.21000000,08/15/2026
IL,Illinois,04-2023,2891,12549689,11408257,25.34000000,90.90000000,08/15/2026
IL,Illinois,05-2023,3232,12549689,11352663,28.47000000,90.46000000,08/15/2026
IL,Illinois,06-2023,3137,12549689,11487545,27.31000000,91.54000000,08/15/2026
IL,Illinois,07-2023,3444,12549689,11342644,30.36000000,90.38000000,08/15/2026
IL,Illinois,08-2023,3545,12549689,11421009,31.04000000,91.01000000,08/15/2026
IL,Illinois,09-2023,3350,12549689,11377047,29.45000000,90.66000000,08/15/2026
IL,Illinois,10-2023,3504,12549689,11366610,30.83000000,90.57000000,08/15/2026
IL,Illinois,11-2023,3000,12549689,11350322,26.43000000,90.44000000,08/15/2026
IL,Illinois,12-2023,2901,12549689,11373697,25.51000000,90.63000000,08/15/2026
IN,Indiana,01-2023,1748,6862199,5831313,29.98000000,84.98000000,08/15/2026
IN,Indiana,02-2023,1438,6862199,5891882,24.41000000,85.86000000,08/15/2026
IN,Indiana,03-2023,1679,6862199,5859961,28.65000000,85.39000000,08/15/2026
IN,Indiana,04-2023,1780,6862199,5829598,30.53000000,84.95000000,08/15/2026
IN,Indiana,05-2023,2051,6862199,5873702,34.92000000,85.60000000,08/15/2026
IN,Indiana,06-2023,2042,6862199,5918301,34.50000000,86.24000000,08/15/2026
IN,Indiana,07-2023,2268,6862199,5917826,38.32000000,86.24000000,08/15/2026
IN,Indiana,08-2023,2112,6862199,5883804,35.90000000,85.74000000,08/15/2026
IN,Indiana,09-2023,1976,6862199,5898220,33.50000000,85.95000000,08/15/2026
IN,Indiana,10-2023,1925,6862199,5888478,32.69000000,85.81000000,08/15/2026
IN,Indiana,11-2023,1675,6862199,5905093,28.37000000,86.05000000,08/15/2026
IN,Indiana,12-2023,1684,6862199,5907382,28.51000000,86.09000000,08/15/2026
KS,Kansas,01-2023,1049,2940546,2828041,37.09000000,96.17000000,08/15/2026
KS,Kansas,02-2023,832,2940546,2815976,29.55000000,95.76000000,08/15/2026
KS,Kansas,03-2023,976,2940546,2827977,34.51000000,96.17000000,08/15/2026
KS,Kansas,04-2023,1057,2940546,2821070,37.47000000,95.94000000,08/15/2026
KS,Kansas,05-2023,1143,2940546,2800953,40.81000000,95.25000000,08/15/2026
KS,Kansas,06-2023,1037,2940546,2777543,37.34000000,94.46000000,08/15/2026
KS,Kansas,07-2023,1139,2940546,2803259,40.63000000,95.33000000,08/15/2026
KS,Kansas,08-2023,1147,2940546,2762079,41.53000000,93.93000000,08/15/2026
KS,Kansas,09-2023,986,2940546,2787031,35.38000000,94.78000000,08/15/2026
KS,Kansas,10-2023,1062,2940546,2784472,38.14000000,94.69000000,08/15/2026
KS,Kansas,11-2023,857,2940546,2761307,31.04000000,93.90000000,08/15/2026
KS,Kansas,12-2023,891,2940546,2756450,32.32000000,93.74000000,08/15/2026
KY,Kentucky,01-2023,870,4526154,4526154,19.22000000,100.00000000,08/15/2026
KY,Kentucky,02-2023,777,4526154,4526154,17.17000000,100.00000000,08/15/2026
KY,Kentucky,03-2023,875,4526154,4526154,19.33000000,100.00000000,08/15/2026
KY,Kentucky,04-2023,801,4526154,4526154,17.70000000,100.00000000,08/15/2026
KY,Kentucky,05-2023,900,4526154,4526154,19.88000000,100.00000000,08/15/2026
KY,Kentucky,06-2023,955,4526154,4526154,21.10000000,100.00000000,08/15/2026
KY,Kentucky,07-2023,887,4526154,4526154,19.60000000,100.00000000,08/15/2026
KY,Kentucky,08-2023,923,4526154,4526154,20.39000000,100.00000000,08/15/2026
KY,Kentucky,09-2023,953,4526154,4526154,21.06000000,100.00000000,08/15/2026
KY,Kentucky,10-2023,963,4526154,4526154,21.28000000,100.00000000,08/15/2026
KY,Kentucky,11-2023,766,4526154,4526154,16.92000000,100.00000000,08/15/2026
KY,Kentucky,12-2023,845,4526154,4526154,18.67000000,100.00000000,08/15/2026
LA,Louisiana,01-2023,2167,4573749,4184201,51.79000000,91.48000000,08/15/2026
LA,Louisiana,02-2023,1874,4573749,4206915,44.55000000,91.98000000,08/15/2026
LA,Louisiana,03-2023,2325,4573749,4255465,54.64000000,93.04000000,08/15/2026
LA,Louisiana,04-2023,2181,4573749,4319670,50.49000000,94.44000000,08/15/2026
LA,Louisiana,05-2023,2352,4573749,4232243,55.57000000,92.53000000,08/15/2026
LA,Louisiana,06-2023,2099,4573749,4187039,50.13000000,91.55000000,08/15/2026
LA,Louisiana,07-2023,2121,4573749,4266228,49.72000000,93.28000000,08/15/2026
LA,Louisiana,08-2023,2018,4573749,4251513,47.47000000,92.95000000,08/15/2026
LA,Louisiana,09-2023,2008,4573749,4277449,46.94000000,93.52000000,08/15/2026
LA,Louisiana,10-2023,2019,4573749,4275511,47.22000000,93.48000000,08/15/2026
LA,Louisiana,11-2023,1844,4573749,4307808,42.81000000,94.19000000,08/15/2026
LA,Louisiana,12-2023,1853,4573749,4323045,42.86000000,94.52000000,08/15/2026
MA,Massachusetts,01-2023,1783,7001399,6978075,25.55000000,99.67000000,08/15/2026
MA,Massachusetts,02-2023,1489,7001399,6977352,21.34000000,99.66000000,08/15/2026
MA,Massachusetts,03-2023,1724,7001399,6977819,24.71000000,99.66000000,08/15/2026
MA,Massachusetts,04-2023,1943,7001399,6978989,27.84000000,99.68000000,08/15/2026
MA,Massachusetts,05-2023,2193,7001399,6977352,31.43000000,99.66000000,08/15/2026
MA,Massachusetts,06-2023,2013,7001399,6976574,28.85000000,99.65000000,08/15/2026
MA,Massachusetts,07-2023,2148,7001399,6977773,30.78000000,99.66000000,08/15/2026
MA,Massachusetts,08-2023,2046,7001399,6977352,29.32000000,99.66000000,08/15/2026
MA,Massachusetts,09-2023,1866,7001399,6979245,26.74000000,99.68000000,08/15/2026
MA,Massachusetts,10-2023,2044,7001399,6978777,29.29000000,99.68000000,08/15/2026
MA,Massachusetts,11-2023,1720,7001399,6980399,24.64000000,99.70000000,08/15/2026
MA,Massachusetts,12-2023,1873,7001399,6982036,26.83000000,99.72000000,08/15/2026
MD,Maryland,01-2023,2112,6180253,6167559,34.24000000,99.79000000,08/15/2026
MD,Maryland,02-2023,1890,6180253,6167559,30.64000000,99.79000000,08/15/2026
MD,Maryland,03-2023,2256,6180253,6167559,36.58000000,99.79000000,08/15/2026
MD,Maryland,04-2023,2331,6180253,6167559,37.79000000,99.79000000,08/15/2026
MD,Maryland,05-2023,2527,6180253,6167559,40.97000000,99.79000000,08/15/2026
MD,Maryland,06-2023,2224,6180253,6167559,36.06000000,99.79000000,08/15/2026
MD,Maryland,07-2023,2299,6180253,6167559,37.28000000,99.79000000,08/15/2026
MD,Maryland,08-2023,2417,6180253,6167559,39.19000000,99.79000000,08/15/2026
MD,Maryland,09-2023,2309,6180253,6163303,37.46000000,99.73000000,08/15/2026
MD,Maryland,10-2023,2520,6180253,6173558,40.82000000,99.89000000,08/15/2026
MD,Maryland,11-2023,2285,6180253,6063088,37.69000000,98.10000000,08/15/2026
MD,Maryland,12-2023,2372,6180253,6157202,38.52000000,99.63000000,08/15/2026
ME,Maine,01-2023,127,1395722,1395722,9.10000000,100.00000000,08/15/2026
ME,Maine,02-2023,109,1395722,1395722,7.81000000,100.00000000,08/15/2026
ME,Maine,03-2023,111,1395722,1395722,7.95000000,100.00000000,08/15/2026
ME,Maine,04-2023,136,1395722,1395722,9.74000000,100.00000000,08/15/2026
ME,Maine,05-2023,116,1395722,1395722,8.31000000,100.00000000,08/15/2026
ME,Maine,06-2023,112,1395722,1395722,8.02000000,100.00000000,08/15/2026
ME,Maine,07-2023,139,1395722,1395722,9.96000000,100.00000000,08/15/2026
ME,Maine,08-2023,119,1395722,1395722,8.53000000,100.00000000,08/15/2026
ME,Maine,09-2023,120,1395722,1395722,8.60000000,100.00000000,08/15/2026
ME,Maine,10-2023,139,1395722,1395722,9.96000000,100.00000000,08/15/2026
ME,Maine,11-2023,124,1395722,1395722,8.88000000,100.00000000,08/15/2026
ME,Maine,12-2023,106,1395722,1395722,7.59000000,100.00000000,08/15/2026
MI,Michigan,01-2023,3362,10037261,9816601,34.25000000,97.80000000,08/15/2026
MI,Michigan,02-2023,3166,10037261,9820879,32.24000000,97.84000000,08/15/2026
MI,Michigan,03-2023,3397,10037261,9824065,34.58000000,97.88000000,08/15/2026
MI,Michigan,04-2023,3783,10037261,9820824,38.52000000,97.84000000,08/15/2026
MI,Michigan,05-2023,4291,10037261,9824587,43.68000000,97.88000000,08/15/2026
MI,Michigan,06-2023,4160,10037261,9823529,42.35000000,97.87000000,08/15/2026
MI,Michigan,07-2023,4634,10037261,9824015,47.17000000,97.88000000,08/15/2026
MI,Michigan,08-2023,4252,10037261,9814163,43.33000000,97.78000000,08/15/2026
MI,Michigan,09-2023,3891,10037261,9810911,39.66000000,97.74000000,08/15/2026
MI,Michigan,10-2023,3813,10037261,9797413,38.92000000,97.61000000,08/15/2026
MI,Michigan,11-2023,3549,10037261,9795833,36.23000000,97.59000000,08/15/2026
MI,Michigan,12-2023,3636,10037261,9800268,37.10000000,97.64000000,08/15/2026
MN,Minnesota,01-2023,1189,5737915,5731254,20.75000000,99.88000000,08/15/2026
MN,Minnesota,02-2023,988,5737915,5732171,17.24000000,99.90000000,08/15/2026
MN,Minnesota,03-2023,1111,5737915,5729961,19.39000000,99.86000000,08/15/2026
MN,Minnesota,04-2023,1252,5737915,5731394,21.84000000,99.89000000,08/15/2026
MN,Minnesota,05-2023,1463,5737915,5729209,25.54000000,99.85000000,08/15/2026
MN,Minnesota,06-2023,1359,5737915,5726403,23.73000000,99.80000000,08/15/2026
MN,Minnesota,07-2023,1425,5737915,5729069,24.87000000,99.85000000,08/15/2026
MN,Minnesota,08-2023,1355,5737915,5729153,23.65000000,99.85000000,08/15/2026
MN,Minnesota,09-2023,1267,5737915,5734171,22.10000000,99.93000000,08/15/2026
MN,Minnesota,10-2023,1301,5737915,5722997,22.73000000,99.74000000,08/15/2026
MN,Minnesota,11-2023,1234,5737915,5724015,21.56000000,99.76000000,08/15/2026
MN,Minnesota,12-2023,1174,5737915,5724535,20.51000000,99.77000000,08/15/2026
MO,Missouri,01-2023,2280,6196156,6102890,37.36000000,98.49000000,08/15/2026
MO,Missouri,02-2023,1974,6196156,6089444,32.42000000,98.28000000,08/15/2026
MO,Missouri,03-2023,2251,6196156,6076380,37.05000000,98.07000000,08/15/2026
MO,Missouri,04-2023,2502,6196156,6076567,41.17000000,98.07000000,08/15/2026
MO,Missouri,05-2023,2643,6196156,6083149,43.45000000,98.18000000,08/15/2026
MO,Missouri,06-2023,2652,6196156,6085319,43.58000000,98.21000000,08/15/2026
MO,Missouri,07-2023,2828,6196156,6091577,46.42000000,98.31000000,08/15/2026
MO,Missouri,08-2023,2606,6196156,6091208,42.78000000,98.31000000,08/15/2026
MO,Missouri,09-2023,2287,6196156,6092559,37.54000000,98.33000000,08/15/2026
MO,Missouri,10-2023,2457,6196156,6074584,40.45000000,98.04000000,08/15/2026
MO,Missouri,11-2023,2133,6196156,6080744,35.08000000,98.14000000,08/15/2026
MO,Missouri,12-2023,2228,6196156,6078121,36.66000000,98.10000000,08/15/2026
MS,Mississippi,01-2023,371,2939690,1869475,19.85000000,63.59000000,08/15/2026
MS,Mississippi,02-2023,321,2939690,1860716,17.25000000,63.30000000,08/15/2026
MS,Mississippi,03-2023,347,2939690,1887739,18.38000000,64.22000000,08/15/2026
MS,Mississippi,04-2023,337,2939690,1893770,17.80000000,64.42000000,08/15/2026
MS,Mississippi,05-2023,403,2939690,1865846,21.60000000,63.47000000,08/15/2026
MS,Mississippi,06-2023,326,2939690,1895191,17.20000000,64.47000000,08/15/2026
MS,Mississippi,07-2023,334,2939690,1895262,17.62000000,64.47000000,08/15/2026
MS,Mississippi,08-2023,311,2939690,1866216,16.66000000,63.48000000,08/15/2026
MS,Mississippi,09-2023,294,2939690,1865177,15.76000000,63.45000000,08/15/2026
MS,Mississippi,10-2023,348,2939690,1846993,18.84000000,62.83000000,08/15/2026
MS,Mississippi,11-2023,296,2939690,1866967,15.85000000,63.51000000,08/15/2026
MS,Mississippi,12-2023,297,2939690,1869729,15.88000000,63.60000000,08/15/2026
MT,Montana,01-2023,350,1132812,1131954,30.92000000,99.92000000,08/15/2026
MT,Montana,02-2023,303,1132812,1130519,26.80000000,99.80000000,08/15/2026
MT,Montana,03-2023,416,1132812,1128915,36.85000000,99.66000000,08/15/2026
MT,Montana,04-2023,448,1132812,1130519,39.63000000,99.80000000,08/15/2026
MT,Montana,05-2023,439,1132812,1130519,38.83000000,99.80000000,08/15/2026
MT,Montana,06-2023,440,1132812,1130519,38.92000000,99.80000000,08/15/2026
MT,Montana,07-2023,525,1132812,1129356,46.49000000,99.69000000,08/15/2026
MT,Montana,08-2023,423,1132812,1129616,37.45000000,99.72000000,08/15/2026
MT,Montana,09-2023,463,1132812,1131377,40.92000000,99.87000000,08/15/2026
MT,Montana,10-2023,464,1132812,1131377,41.01000000,99.87000000,08/15/2026
MT,Montana,11-2023,405,1132812,1131377,35.80000000,99.87000000,08/15/2026
MT,Montana,12-2023,406,1132812,1131377,35.89000000,99.87000000,08/15/2026
NC,North Carolina,01-2023,3488,10835491,10597189,32.91000000,97.80000000,08/15/2026
NC,North Carolina,02-2023,2927,10835491,10586937,27.65000000,97.71000000,08/15/2026
NC,North Carolina,03-2023,3422,10835491,10588448,32.32000000,97.72000000,08/15/2026
NC,North Carolina,04-2023,3717,10835491,10596454,35.08000000,97.79000000,08/15/2026
NC,North Carolina,05-2023,3919,10835491,10598971,36.98000000,97.82000000,08/15/2026
NC,North Carolina,06-2023,3758,10835491,10588663,35.49000000,97.72000000,08/15/2026
NC,North Carolina,07-2023,4083,10835491,10547257,38.71000000,97.34000000,08/15/2026
NC,North Carolina,08-2023,3688,10835491,10567582,34.90000000,97.53000000,08/15/2026
NC,North Carolina,09-2023,3443,10835491,10558298,32.61000000,97.44000000,08/15/2026
NC,North Carolina,10-2023,3511,10835491,10554460,33.27000000,97.41000000,08/15/2026
NC,North Carolina,11-2023,3300,10835491,10546203,31.29000000,97.33000000,08/15/2026
NC,North Carolina,12-2023,3458,10835491,10551215,32.77000000,97.38000000,08/15/2026
ND,North Dakota,01-2023,180,783926,783926,22.96000000,100.00000000,08/15/2026
ND,North Dakota,02-2023,155,783926,783926,19.77000000,100.00000000,08/15/2026
ND,North Dakota,03-2023,153,783926,783926,19.52000000,100.00000000,08/15/2026
ND,North Dakota,04-2023,171,783926,781275,21.89000000,99.66000000,08/15/2026
ND,North Dakota,05-2023,182,783926,783460,23.23000000,99.94000000,08/15/2026
ND,North Dakota,06-2023,215,783926,783555,27.44000000,99.95000000,08/15/2026
ND,North Dakota,07-2023,217,783926,779065,27.85000000,99.38000000,08/15/2026
ND,North Dakota,08-2023,199,783926,783460,25.40000000,99.94000000,08/15/2026
ND,North Dakota,09-2023,226,783926,782364,28.89000000,99.80000000,08/15/2026
ND,North Dakota,10-2023,180,783926,782364,23.01000000,99.80000000,08/15/2026
ND,North Dakota,11-2023,159,783926,776639,20.47000000,99.07000000,08/15/2026
ND,North Dakota,12-2023,170,783926,777010,21.88000000,99.12000000,08/15/2026
NE,Nebraska,01-2023,190,1978379,1419391,13.39000000,71.75000000,08/15/2026
NE,Nebraska,02-2023,172,1978379,1407582,12.22000000,71.15000000,08/15/2026
NE,Nebraska,03-2023,227,1978379,1408589,16.12000000,71.20000000,08/15/2026
NE,Nebraska,04-2023,244,1978379,1882057,12.96000000,95.13000000,08/15/2026
NE,Nebraska,05-2023,240,1978379,1402725,17.11000000,70.90000000,08/15/2026
NE,Nebraska,06-2023,210,1978379,1370848,15.32000000,69.29000000,08/15/2026
NE,Nebraska,07-2023,238,1978379,1878843,12.67000000,94.97000000,08/15/2026
NE,Nebraska,08-2023,390,1978379,1900087,20.53000000,96.04000000,08/15/2026
NE,Nebraska,09-2023,422,1978379,1880526,22.44000000,95.05000000,08/15/2026
NE,Nebraska,10-2023,383,1978379,1858468,20.61000000,93.94000000,08/15/2026
NE,Nebraska,11-2023,333,1978379,1866138,17.84000000,94.33000000,08/15/2026
NE,Nebraska,12-2023,329,1978379,1883305,17.47000000,95.19000000,08/15/2026
NH,New Hampshire,01-2023,130,1402054,1396538,9.31000000,99.61000000,08/15/2026
NH,New Hampshire,02-2023,122,1402054,1395678,8.74000000,99.55000000,08/15/2026
NH,New Hampshire,03-2023,130,1402054,1391109,9.35000000,99.22000000,08/15/2026
NH,New Hampshire,04-2023,137,1402054,1390328,9.85000000,99.16000000,08/15/2026
NH,New Hampshire,05-2023,152,1402054,1394897,10.90000000,99.49000000,08/15/2026
NH,New Hampshire,06-2023,117,1402054,1389650,8.42000000,99.12000000,08/15/2026
NH,New Hampshire,07-2023,150,1402054,1374891,10.91000000,98.06000000,08/15/2026
NH,New Hampshire,08-2023,145,1402054,1400049,10.36000000,99.86000000,08/15/2026
NH,New Hampshire,09-2023,144,1402054,1400049,10.29000000,99.86000000,08/15/2026
NH,New Hampshire,10-2023,138,1402054,1401098,9.85000000,99.93000000,08/15/2026
NH,New Hampshire,11-2023,156,1402054,1401098,11.13000000,99.93000000,08/15/2026
NH,New Hampshire,12-2023,121,1402054,1400049,8.64000000,99.86000000,08/15/2026
NJ,New Jersey,01-2023,1630,9290841,8996361,18.12000000,96.83000000,08/15/2026
NJ,New Jersey,02-2023,1312,9290841,8842316,14.84000000,95.17000000,08/15/2026
NJ,New Jersey,03-2023,1676,9290841,8718137,19.22000000,93.84000000,08/15/2026
NJ,New Jersey,04-2023,1508,9290841,8813779,17.11000000,94.87000000,08/15/2026
NJ,New Jersey,05-2023,1814,9290841,8827552,20.55000000,95.01000000,08/15/2026
NJ,New Jersey,06-2023,1870,9290841,8960840,20.87000000,96.45000000,08/15/2026
NJ,New Jersey,07-2023,1948,9290841,8831184,22.06000000,95.05000000,08/15/2026
NJ,New Jersey,08-2023,1781,9290841,8859299,20.10000000,95.36000000,08/15/2026
NJ,New Jersey,09-2023,1732,9290841,8877051,19.51000000,95.55000000,08/15/2026
NJ,New Jersey,10-2023,1822,9290841,8901778,20.47000000,95.81000000,08/15/2026
NJ,New Jersey,11-2023,1529,9290841,8924802,17.13000000,96.06000000,08/15/2026
NJ,New Jersey,12-2023,1603,9290841,8861941,18.09000000,95.38000000,08/15/2026
NM,New Mexico,01-2023,1172,2114371,1884038,62.21000000,89.11000000,08/15/2026
NM,New Mexico,02-2023,972,2114371,1902979,51.08000000,90.00000000,08/15/2026
NM,New Mexico,03-2023,1110,2114371,1877088,59.13000000,88.78000000,08/15/2026
NM,New Mexico,04-2023,1259,2114371,1902914,66.16000000,90.00000000,08/15/2026
NM,New Mexico,05-2023,1340,2114371,1887066,71.01000000,89.25000000,08/15/2026
NM,New Mexico,06-2023,1370,2114371,1865001,73.46000000,88.21000000,08/15/2026
NM,New Mexico,07-2023,1457,2114371,1885351,77.28000000,89.17000000,08/15/2026
NM,New Mexico,08-2023,1387,2114371,1884309,73.61000000,89.12000000,08/15/2026
NM,New Mexico,09-2023,1342,2114371,1892512,70.91000000,89.51000000,08/15/2026
NM,New Mexico,10-2023,1292,2114371,1879715,68.73000000,88.90000000,08/15/2026
NM,New Mexico,11-2023,1126,2114371,1878755,59.93000000,88.86000000,08/15/2026
NM,New Mexico,12-2023,1146,2114371,1876972,61.06000000,88.77000000,08/15/2026
NV,Nevada,01-2023,1082,3194176,3181298,34.01000000,99.60000000,08/15/2026
NV,Nevada,02-2023,1036,3194176,3181298,32.57000000,99.60000000,08/15/2026
NV,Nevada,03-2023,1162,3194176,3181298,36.53000000,99.60000000,08/15/2026
NV,Nevada,04-2023,1110,3194176,3181298,34.89000000,99.60000000,08/15/2026
NV,Nevada,05-2023,1308,3194176,3181298,41.12000000,99.60000000,08/15/2026
NV,Nevada,06-2023,1205,3194176,3181298,37.88000000,99.60000000,08/15/2026
NV,Nevada,07-2023,1203,3194176,3181298,37.81000000,99.60000000,08/15/2026
NV,Nevada,08-2023,1258,3194176,3181298,39.54000000,99.60000000,08/15/2026
NV,Nevada,09-2023,1199,3194176,3181298,37.69000000,99.60000000,08/15/2026
NV,Nevada,10-2023,1174,3194176,3181298,36.90000000,99.60000000,08/15/2026
NV,Nevada,11-2023,1061,3194176,3181298,33.35000000,99.60000000,08/15/2026
NV,Nevada,12-2023,1121,3194176,3181298,35.24000000,99.60000000,08/15/2026
NY,New York,01-2023,6184,19571216,19505214,31.70000000,99.66000000,08/15/2026
NY,New York,02-2023,5553,19571216,19499962,28.48000000,99.64000000,08/15/2026
NY,New York,03-2023,5883,19571216,19504633,30.16000000,99.66000000,08/15/2026
NY,New York,04-2023,6184,19571216,19477085,31.75000000,99.52000000,08/15/2026
NY,New York,05-2023,6833,19571216,19454418,35.12000000,99.40000000,08/15/2026
NY,New York,06-2023,7134,19571216,19451470,36.68000000,99.39000000,08/15/2026
NY,New York,07-2023,7369,19571216,19433377,37.92000000,99.30000000,08/15/2026
NY,New York,08-2023,6880,19571216,19407458,35.45000000,99.16000000,08/15/2026
NY,New York,09-2023,6586,19571216,19331802,34.07000000,98.78000000,08/15/2026
NY,New York,10-2023,6903,19571216,19312088,35.74000000,98.68000000,08/15/2026
NY,New York,11-2023,5987,19571216,19163149,31.24000000,97.91000000,08/15/2026
NY,New York,12-2023,6194,19571216,19112394,32.41000000,97.66000000,08/15/2026
OH,Ohio,01-2023,2813,11785935,11194086,25.13000000,94.98000000,08/15/2026
OH,Ohio,02-2023,2531,11785935,11120205,22.76000000,94.35000000,08/15/2026
OH,Ohio,03-2023,2682,11785935,11161903,24.03000000,94.71000000,08/15/2026
OH,Ohio,04-2023,3017,11785935,11122593,27.12000000,94.37000000,08/15/2026
OH,Ohio,05-2023,3412,11785935,11138231,30.63000000,94.50000000,08/15/2026
OH,Ohio,06-2023,3246,11785935,11129634,29.17000000,94.43000000,08/15/2026
OH,Ohio,07-2023,3243,11785935,11068354,29.30000000,93.91000000,08/15/2026
OH,Ohio,08-2023,3143,11785935,11134552,28.23000000,94.47000000,08/15/2026
OH,Ohio,09-2023,2953,11785935,11116128,26.57000000,94.32000000,08/15/2026
OH,Ohio,10-2023,2909,11785935,11065743,26.29000000,93.89000000,08/15/2026
OH,Ohio,11-2023,2515,11785935,11011220,22.84000000,93.43000000,08/15/2026
OH,Ohio,12-2023,2644,11785935,11007981,24.02000000,93.40000000,08/15/2026
OK,Oklahoma,01-2023,1383,4053824,4052343,34.13000000,99.96000000,08/15/2026
OK,Oklahoma,02-2023,1163,4053824,4053090,28.69000000,99.98000000,08/15/2026
OK,Oklahoma,03-2023,1357,4053824,4051160,33.50000000,99.93000000,08/15/2026
OK,Oklahoma,04-2023,1454,4053824,4051751,35.89000000,99.95000000,08/15/2026
OK,Oklahoma,05-2023,1505,4053824,4052645,37.14000000,99.97000000,08/15/2026
OK,Oklahoma,06-2023,1560,4053824,4052054,38.50000000,99.96000000,08/15/2026
OK,Oklahoma,07-2023,1595,4053824,4052645,39.36000000,99.97000000,08/15/2026
OK,Oklahoma,08-2023,1594,4053824,4053824,39.32000000,100.00000000,08/15/2026
OK,Oklahoma,09-2023,1518,4053824,4053379,37.45000000,99.99000000,08/15/2026
OK,Oklahoma,10-2023,1436,4053824,4052485,35.44000000,99.97000000,08/15/2026
OK,Oklahoma,11-2023,1304,4053824,4053824,32.17000000,100.00000000,08/15/2026
OK,Oklahoma,12-2023,1295,4053824,4053824,31.95000000,100.00000000,08/15/2026
OR,Oregon,01-2023,1167,4233358,4180909,27.91000000,98.76000000,08/15/2026
OR,Oregon,02-2023,1099,4233358,4179378,26.30000000,98.72000000,08/15/2026
OR,Oregon,03-2023,1169,4233358,4184447,27.94000000,98.84000000,08/15/2026
OR,Oregon,04-2023,1139,4233358,4176033,27.27000000,98.65000000,08/15/2026
OR,Oregon,05-2023,1313,4233358,4188623,31.35000000,98.94000000,08/15/2026
OR,Oregon,06-2023,1233,4233358,4190710,29.42000000,98.99000000,08/15/2026
OR,Oregon,07-2023,1305,4233358,4182224,31.20000000,98.79000000,08/15/2026
OR,Oregon,08-2023,1240,4233358,4171799,29.72000000,98.55000000,08/15/2026
OR,Oregon,09-2023,1192,4233358,4173235,28.56000000,98.58000000,08/15/2026
OR,Oregon,10-2023,1223,4233358,4172552,29.31000000,98.56000000,08/15/2026
OR,Oregon,11-2023,1053,4233358,4178116,25.20000000,98.70000000,08/15/2026
OR,Oregon,12-2023,1061,4233358,4179469,25.39000000,98.73000000,08/15/2026
PA,Pennsylvania,01-2023,2620,12961683,9849831,26.60000000,75.99000000,08/15/2026
PA,Pennsylvania,02-2023,2290,12961683,10263017,22.31000000,79.18000000,08/15/2026
PA,Pennsylvania,03-2023,2748,12961683,12880690,21.33000000,99.38000000,08/15/2026
PA,Pennsylvania,04-2023,2919,12961683,12899325,22.63000000,99.52000000,08/15/2026
PA,Pennsylvania,05-2023,3190,12961683,12867602,24.79000000,99.27000000,08/15/2026
PA,Pennsylvania,06-2023,2999,12961683,12842814,23.35000000,99.08000000,08/15/2026
PA,Pennsylvania,07-2023,3228,12961683,12856839,25.11000000,99.19000000,08/15/2026
PA,Pennsylvania,08-2023,2978,12961683,12886237,23.11000000,99.42000000,08/15/2026
PA,Pennsylvania,09-2023,3053,12961683,12900965,23.66000000,99.53000000,08/15/2026
PA,Pennsylvania,10-2023,3100,12961683,12900965,24.03000000,99.53000000,08/15/2026
PA,Pennsylvania,11-2023,2716,12961683,12905174,21.05000000,99.56000000,08/15/2026
PA,Pennsylvania,12-2023,2609,12961683,12896818,20.23000000,99.50000000,08/15/2026
RI,Rhode Island,01-2023,140,1095962,1095962,12.77000000,100.00000000,08/15/2026
RI,Rhode Island,02-2023,112,1095962,1095962,10.22000000,100.00000000,08/15/2026
RI,Rhode Island,03-2023,174,1095962,1095962,15.88000000,100.00000000,08/15/2026
RI,Rhode Island,04-2023,182,1095962,1095962,16.61000000,100.00000000,08/15/2026
RI,Rhode Island,05-2023,168,1095962,1095962,15.33000000,100.00000000,08/15/2026
RI,Rhode Island,06-2023,131,1095962,1095962,11.95000000,100.00000000,08/15/2026
RI,Rhode Island,07-2023,176,1095962,1095962,16.06000000,100.00000000,08/15/2026
RI,Rhode Island,08-2023,166,1095962,1095962,15.15000000,100.00000000,08/15/2026
RI,Rhode Island,09-2023,168,1095962,1095962,15.33000000,100.00000000,08/15/2026
RI,Rhode Island,10-2023,168,1095962,1095962,15.33000000,100.00000000,08/15/2026
RI,Rhode Island,11-2023,137,1095962,1095962,12.50000000,100.00000000,08/15/2026
RI,Rhode Island,12-2023,133,1095962,1095962,12.14000000,100.00000000,08/15/2026
SC,South Carolina,01-2023,2087,5373555,5364968,38.90000000,99.84000000,08/15/2026
SC,South Carolina,02-2023,2026,5373555,5365077,37.76000000,99.84000000,08/15/2026
SC,South Carolina,03-2023,1943,5373555,5360793,36.24000000,99.76000000,08/15/2026
SC,South Carolina,04-2023,2145,5373555,5359198,40.02000000,99.73000000,08/15/2026
SC,South Carolina,05-2023,2394,5373555,5358844,44.67000000,99.73000000,08/15/2026
SC,South Carolina,06-2023,2139,5373555,5360931,39.90000000,99.77000000,08/15/2026
SC,South Carolina,07-2023,2239,5373555,5358229,41.79000000,99.71000000,08/15/2026
SC,South Carolina,08-2023,2291,5373555,5353916,42.79000000,99.63000000,08/15/2026
SC,South Carolina,09-2023,2228,5373555,5358687,41.58000000,99.72000000,08/15/2026
SC,South Carolina,10-2023,2110,5373555,5360195,39.36000000,99.75000000,08/15/2026
SC,South Carolina,11-2023,2049,5373555,5353794,38.27000000,99.63000000,08/15/2026
SC,South Carolina,12-2023,1972,5373555,5353648,36.83000000,99.63000000,08/15/2026
SD,South Dakota,01-2023,254,919318,824130,30.82000000,89.65000000,08/15/2026
SD,South Dakota,02-2023,211,919318,813727,25.93000000,88.51000000,08/15/2026
SD,South Dakota,03-2023,288,919318,832108,34.61000000,90.51000000,08/15/2026
SD,South Dakota,04-2023,229,919318,823067,27.82000000,89.53000000,08/15/2026
SD,South Dakota,05-2023,298,919318,824885,36.13000000,89.73000000,08/15/2026
SD,South Dakota,06-2023,283,919318,806047,35.11000000,87.68000000,08/15/2026
SD,South Dakota,07-2023,246,919318,812517,30.28000000,88.38000000,08/15/2026
SD,South Dakota,08-2023,264,919318,826816,31.93000000,89.94000000,08/15/2026
SD,South Dakota,09-2023,266,919318,815509,32.62000000,88.71000000,08/15/2026
SD,South Dakota,10-2023,268,919318,802988,33.38000000,87.35000000,08/15/2026
SD,South Dakota,11-2023,215,919318,798883,26.91000000,86.90000000,08/15/2026
SD,South Dakota,12-2023,247,919318,794026,31.11000000,86.37000000,08/15/2026
TN,Tennessee,01-2023,3683,7126489,7110272,51.80000000,99.77000000,08/15/2026
TN,Tennessee,02-2023,3230,7126489,7107057,45.45000000,99.73000000,08/15/2026
TN,Tennessee,03-2023,3670,7126489,7111127,51.61000000,99.78000000,08/15/2026
TN,Tennessee,04-2023,3935,7126489,7108825,55.35000000,99.75000000,08/15/2026
TN,Tennessee,05-2023,4486,7126489,7102932,63.16000000,99.67000000,08/15/2026
TN,Tennessee,06-2023,4229,7126489,7104069,59.53000000,99.69000000,08/15/2026
TN,Tennessee,07-2023,4165,7126489,7104342,58.63000000,99.69000000,08/15/2026
TN,Tennessee,08-2023,3755,7126489,7111148,52.80000000,99.78000000,08/15/2026
TN,Tennessee,09-2023,3965,7126489,7104969,55.81000000,99.70000000,08/15/2026
TN,Tennessee,10-2023,3824,7126489,7104279,53.83000000,99.69000000,08/15/2026
TN,Tennessee,11-2023,3345,7126489,7086366,47.20000000,99.44000000,08/15/2026
TN,Tennessee,12-2023,3634,7126489,7101133,51.17000000,99.64000000,08/15/2026
TX,Texas,01-2023,10642,30503301,30201726,35.24000000,99.01000000,08/15/2026
TX,Texas,02-2023,9347,30503301,30199045,30.95000000,99.00000000,08/15/2026
TX,Texas,03-2023,10918,30503301,30197437,36.16000000,99.00000000,08/15/2026
TX,Texas,04-2023,10757,30503301,30196098,35.62000000,98.99000000,08/15/2026
TX,Texas,05-2023,11038,30503301,30207758,36.54000000,99.03000000,08/15/2026
TX,Texas,06-2023,10737,30503301,30203153,35.55000000,99.02000000,08/15/2026
TX,Texas,07-2023,11095,30503301,30200662,36.74000000,99.01000000,08/15/2026
TX,Texas,08-2023,10640,30503301,30229292,35.20000000,99.10000000,08/15/2026
TX,Texas,09-2023,10448,30503301,30247658,34.54000000,99.16000000,08/15/2026
TX,Texas,10-2023,10393,30503301,30220949,34.39000000,99.07000000,08/15/2026
TX,Texas,11-2023,9529,30503301,30231542,31.52000000,99.11000000,08/15/2026
TX,Texas,12-2023,10187,30503301,30232817,33.70000000,99.11000000,08/15/2026
UT,Utah,01-2023,605,3417734,3402828,17.78000000,99.56000000,08/15/2026
UT,Utah,02-2023,586,3417734,3402828,17.22000000,99.56000000,08/15/2026
UT,Utah,03-2023,630,3417734,3402828,18.51000000,99.56000000,08/15/2026
UT,Utah,04-2023,656,3417734,3404118,19.27000000,99.60000000,08/15/2026
UT,Utah,05-2023,772,3417734,3409103,22.65000000,99.75000000,08/15/2026
UT,Utah,06-2023,677,3417734,3401653,19.90000000,99.53000000,08/15/2026
UT,Utah,07-2023,753,3417734,3360488,22.41000000,98.33000000,08/15/2026
UT,Utah,08-2023,721,3417734,3361778,21.45000000,98.36000000,08/15/2026
UT,Utah,09-2023,681,3417734,3325191,20.48000000,97.29000000,08/15/2026
UT,Utah,10-2023,708,3417734,3336686,21.22000000,97.63000000,08/15/2026
UT,Utah,11-2023,576,3417734,3395586,16.96000000,99.35000000,08/15/2026
UT,Utah,12-2023,613,3417734,3357804,18.26000000,98.25000000,08/15/2026
VA,Virginia,01-2023,1716,8715698,8707600,19.71000000,99.91000000,08/15/2026
VA,Virginia,02-2023,1581,8715698,8707911,18.16000000,99.91000000,08/15/2026
VA,Virginia,03-2023,1764,8715698,8712178,20.25000000,99.96000000,08/15/2026
VA,Virginia,04-2023,1865,8715698,8708543,21.42000000,99.92000000,08/15/2026
VA,Virginia,05-2023,1932,8715698,8707196,22.19000000,99.90000000,08/15/2026
VA,Virginia,06-2023,1816,8715698,8712478,20.84000000,99.96000000,08/15/2026
VA,Virginia,07-2023,1932,8715698,8711695,22.18000000,99.95000000,08/15/2026
VA,Virginia,08-2023,1773,8715698,8710482,20.35000000,99.94000000,08/15/2026
VA,Virginia,09-2023,1732,8715698,8712980,19.88000000,99.97000000,08/15/2026
VA,Virginia,10-2023,1784,8715698,8712707,20.48000000,99.97000000,08/15/2026
VA,Virginia,11-2023,1610,8715698,8698823,18.51000000,99.81000000,08/15/2026
VA,Virginia,12-2023,1692,8715698,8702400,19.44000000,99.85000000,08/15/2026
VT,Vermont,01-2023,104,647464,642572,16.18000000,99.24000000,08/15/2026
VT,Vermont,02-2023,105,647464,642572,16.34000000,99.24000000,08/15/2026
VT,Vermont,03-2023,117,647464,647464,18.07000000,100.00000000,08/15/2026
VT,Vermont,04-2023,113,647464,647464,17.45000000,100.00000000,08/15/2026
VT,Vermont,05-2023,134,647464,647464,20.70000000,100.00000000,08/15/2026
VT,Vermont,06-2023,112,647464,647464,17.30000000,100.00000000,08/15/2026
VT,Vermont,07-2023,132,647464,647464,20.39000000,100.00000000,08/15/2026
VT,Vermont,08-2023,127,647464,647464,19.61000000,100.00000000,08/15/2026
VT,Vermont,09-2023,135,647464,647464,20.85000000,100.00000000,08/15/2026
VT,Vermont,10-2023,114,647464,647464,17.61000000,100.00000000,08/15/2026
VT,Vermont,11-2023,108,647464,647464,16.68000000,100.00000000,08/15/2026
VT,Vermont,12-2023,97,647464,647464,14.98000000,100.00000000,08/15/2026
WA,Washington,01-2023,2333,7812880,7754494,30.09000000,99.25000000,08/15/2026
WA,Washington,02-2023,1987,7812880,7737987,25.68000000,99.04000000,08/15/2026
WA,Washington,03-2023,2208,7812880,7739645,28.53000000,99.06000000,08/15/2026
WA,Washington,04-2023,2216,7812880,7768596,28.53000000,99.43000000,08/15/2026
WA,Washington,05-2023,2629,7812880,7753057,33.91000000,99.23000000,08/15/2026
WA,Washington,06-2023,2442,7812880,7737324,31.56000000,99.03000000,08/15/2026
WA,Washington,07-2023,2646,7812880,7738226,34.19000000,99.04000000,08/15/2026
WA,Washington,08-2023,2518,7812880,7738982,32.54000000,99.05000000,08/15/2026
WA,Washington,09-2023,2438,7812880,7741517,31.49000000,99.09000000,08/15/2026
WA,Washington,10-2023,2521,7812880,7744410,32.55000000,99.12000000,08/15/2026
WA,Washington,11-2023,2210,7812880,7744166,28.54000000,99.12000000,08/15/2026
WA,Washington,12-2023,2134,7812880,7742565,27.56000000,99.10000000,08/15/2026
WI,Wisconsin,01-2023,1429,5910955,5831652,24.50000000,98.66000000,08/15/2026
WI,Wisconsin,02-2023,1262,5910955,5811757,21.71000000,98.32000000,08/15/2026
WI,Wisconsin,03-2023,1433,5910955,5826781,24.59000000,98.58000000,08/15/2026
WI,Wisconsin,04-2023,1505,5910955,5830659,25.81000000,98.64000000,08/15/2026
WI,Wisconsin,05-2023,1562,5910955,5838562,26.75000000,98.78000000,08/15/2026
WI,Wisconsin,06-2023,1551,5910955,5793722,26.77000000,98.02000000,08/15/2026
WI,Wisconsin,07-2023,1655,5910955,5816290,28.45000000,98.40000000,08/15/2026
WI,Wisconsin,08-2023,1657,5910955,5832298,28.41000000,98.67000000,08/15/2026
WI,Wisconsin,09-2023,1610,5910955,5835472,27.59000000,98.72000000,08/15/2026
WI,Wisconsin,10-2023,1462,5910955,5823996,25.10000000,98.53000000,08/15/2026
WI,Wisconsin,11-2023,1242,5910955,5818977,21.34000000,98.44000000,08/15/2026
WI,Wisconsin,12-2023,1342,5910955,5819050,23.06000000,98.45000000,08/15/2026
WV,West Virginia,01-2023,359,1770071,1617499,22.19000000,91.38000000,08/15/2026
WV,West Virginia,02-2023,359,1770071,1610020,22.30000000,90.96000000,08/15/2026
WV,West Virginia,03-2023,389,1770071,1623756,23.96000000,91.73000000,08/15/2026
WV,West Virginia,04-2023,405,1770071,1616192,25.06000000,91.31000000,08/15/2026
WV,West Virginia,05-2023,386,1770071,1607147,24.02000000,90.80000000,08/15/2026
WV,West Virginia,06-2023,433,1770071,1599681,27.07000000,90.37000000,08/15/2026
WV,West Virginia,07-2023,386,1770071,1597884,24.16000000,90.27000000,08/15/2026
WV,West Virginia,08-2023,402,1770071,1582004,25.41000000,89.38000000,08/15/2026
WV,West Virginia,09-2023,396,1770071,1580829,25.05000000,89.31000000,08/15/2026
WV,West Virginia,10-2023,408,1770071,1584041,25.76000000,89.49000000,08/15/2026
WV,West Virginia,11-2023,297,1770071,1637599,18.14000000,92.52000000,08/15/2026
WV,West Virginia,12-2023,308,1770071,1590182,19.37000000,89.84000000,08/15/2026
WY,Wyoming,01-2023,76,584057,515122,14.75000000,88.20000000,08/15/2026
WY,Wyoming,02-2023,59,584057,523308,11.27000000,89.60000000,08/15/2026
WY,Wyoming,03-2023,92,584057,515122,17.86000000,88.20000000,08/15/2026
WY,Wyoming,04-2023,99,584057,515122,19.22000000,88.20000000,08/15/2026
WY,Wyoming,05-2023,94,584057,515122,18.25000000,88.20000000,08/15/2026
WY,Wyoming,06-2023,96,584057,515122,18.64000000,88.20000000,08/15/2026
WY,Wyoming,07-2023,94,584057,515122,18.25000000,88.20000000,08/15/2026
WY,Wyoming,08-2023,98,584057,515122,19.02000000,88.20000000,08/15/2026
WY,Wyoming,09-2023,86,584057,515122,16.70000000,88.20000000,08/15/2026
WY,Wyoming,10-2023,98,584057,515122,19.02000000,88.20000000,08/15/2026
WY,Wyoming,11-2023,72,584057,515122,13.98000000,88.20000000,08/15/2026
WY,Wyoming,12-2023,89,584057,515122,17.28000000,88.20000000,08/15/2026
